aadtenantid,intuneaccountid,count
3ac94b33-9135-4821-9502-eafda6592a35,776113c7-d8d8-44ef-b7cf-7dc4728af8b7,1767
3e9aadf8-6a16-490f-8dcd-c68860caae0b,de36b4bf-2fbe-44a2-9aee-5021964d31e5,804
7a600dcb-f0f7-400e-b387-5d133087a94f,9e907b64-ebc6-4408-91a6-2a049d8263bd,725
7ba64ac2-8a2b-417e-9b8f-fcf8238f2a56,76ee0e2a-9d52-48ed-b5cf-1415bb9d7581,408
682a61d2-c906-4fa3-a505-4c7cd3da5572,3f8ef5f0-4378-455d-8112-3d5a11008d92,198
3b07dc1f-22e7-4be1-ac66-a88bf3550222,aef0f9b9-90c5-47d3-befa-67f7d841ae87,171
5e0b361b-59ed-466e-8759-030448046197,af363cbf-10ee-428f-90a2-13c80215f3d4,168
3e32dd7c-41f6-492d-a1a3-c58eb02cf4f8,4f51a333-952d-48a0-a159-1f12848b19cb,145
513294a0-3e20-41b2-a970-6d30bf1546fa,2e2b15fb-0154-47c6-97c6-7ec9b428cb2f,142
1aa51068-11a6-4bd2-8646-1fff31a30ffc,344560cc-f5ec-48a6-9801-21d59f867324,127
4c182d3f-a5ac-483b-a58d-c93257bcb4f6,8418c06c-236b-40d7-bf14-ebb93f2a122d,116
2cc46ff1-b600-4104-8600-d8acb0b4e19a,a5ccb26e-3869-46c1-accc-b8b35ea8d93b,107
4b4266a6-1368-41af-ad5a-59eb634f7ad8,d7f4a859-4300-4941-aa78-1b99fb7cf566,94
ca7981a2-785a-463d-b82a-3db87dfc3ce6,4bc370a7-7c94-4fd2-a1bd-10ec0a529f5c,92
709c2643-b1a9-4415-ad0f-521cfa6ba3f5,e263c73c-b58a-4408-9cd3-0612f6e77680,88
354f10a5-0782-4663-8897-8b60747eb8bc,c5a9a5f7-ee4b-4d3b-b890-1202893402e8,84
655fef4c-a248-44ed-9c01-3cef79cf888d,695df7ca-1a91-4535-9140-cfb2c9c90d36,77
88c2cc7c-d2ca-474c-a708-0881a267b394,00d0cbed-aa3f-4547-9b35-23cd79e9f9c8,66
11873a1f-4c8d-450d-8dfb-e37a2e2557f8,d2d6528b-44d1-4882-95e1-13b44becdabf,66
1ddbb8f2-1790-4f35-ab55-54465ce0a9cc,eeafbcba-e2e8-427d-994d-a8d16703eb2d,63
d344fc8a-8286-4945-9a21-49aed506d485,1f51322d-ba22-49b2-aaa9-ce823dc50b7f,55
0ed45188-c605-4511-8b80-3a5831be1abc,b9970789-4a76-47e6-abce-038bc21503f6,50
04d1ccf1-2a44-4973-b5af-b42bd07e4791,2e4f6e6d-f513-4739-9ad5-f78bbc8145d0,46
11bfe7ed-a96d-47b8-93b9-f1d5ced7091b,8006f020-2b63-4986-8e36-450eebaaf52c,46
a86dc674-e6a2-4c25-b4ba-e36c31382530,b9faaa0a-1212-49d6-b318-b03d179fca2b,42
97fa1f96-7877-469f-aa37-1f8568e3a3ff,643781fd-8c46-47c6-91fc-885d8104873a,42
3f6dec78-7ded-4395-975c-6edbb7d10b16,c7f5a352-4ae1-4546-89e4-fcddc20b4244,40
a3d5bec9-2414-41cf-a8da-9efc4cd4ea22,cdec0bcf-c2ec-4834-b5dd-84da55fd3734,39
f6bfbd29-f210-4603-b3a8-136a1d750e90,d1b43083-bc00-4876-b944-bf7938adb6be,37
2ede383a-7e1f-4357-a846-85886b2c0c4d,4100adc4-777d-4656-9e3f-1c5e0492c9a3,35
e51a0494-54df-498d-96d6-a06b38ecfafd,dacf0133-2214-4ef4-b1bf-22813bce36fa,34
b945c813-dce6-41f8-8457-5a12c2fe15bf,2f5f21cc-6642-4c40-a28b-de23f8e07bf0,33
0bdb45c5-7745-49e0-aed4-f5dda44438af,530ff607-4fcf-4b48-aed4-7f515de4b061,32
4eead4d6-5e97-41b2-b49d-0df83f2f5c70,2f353330-b0a3-4338-9657-7e798698f14e,32
484a70d1-caaf-4a03-a477-1cbe688304af,71220c30-d705-4f90-937d-f23e52bd6fdf,29
7f90057d-3ea0-46fe-b07c-e0568627081b,8d147b89-a0fd-4ef4-be7c-4975353784d4,29
b11f4293-f7a7-46af-a85c-e00382f1f058,7faa6bdd-c700-43ec-b655-81b2e457b3e0,24
de6b4519-2aff-4ec3-9731-e2ab1706ef12,96e22c67-253e-4bee-8935-4a0ceba2eda4,21
72ebbe77-7a80-49bd-8767-a19d08ab746c,310316c0-3868-4408-a888-0109e4c09442,21
956da9b4-455a-4590-8de8-f66d6885fdd5,b9a2ffb8-35d1-4e1d-8169-34b90704f70d,20
d2033364-dec3-4a1c-9772-3f41ca7c4b75,2d1d5517-905e-4c09-aee8-7b0e491cfea2,20
f1289cc5-8456-4f28-8eab-700d1300fc5d,e305462a-da6f-44f2-9607-ed3e88b846c8,19
7bab0bc1-bb61-48d7-b2d4-79825c2ac6b8,ec885412-4792-475e-a917-f96fb28052a6,19
30ee5bd5-bddf-42de-bae5-ab7b17318017,4818975c-de13-4fc0-ab43-9ea5971eaee7,18
45345057-6ce4-4028-a678-90c1e8f0e0fb,684090eb-a0e2-4682-a6de-0a931638618f,17
9723591a-3fa5-44ef-8915-77f5e1978707,4b44949c-383a-4848-8450-f282a19560fb,16
d584a4b7-b1f2-4714-a578-fd4d43c146a6,db8f5ee5-ab15-4a5b-a935-f8ee15a17212,15
cc8936bc-9382-4fff-87cb-6f55999549e7,47b8bb8d-ec79-40a0-9379-043c56ec67eb,15
bfde69eb-fcdb-4423-aa7c-a9cee0239dd2,e229750e-95a8-412d-af93-d60654e91d3f,15
f40a10f0-50ee-4880-9a37-6e1dd4ac2ff3,28fc9bef-7a79-4d0c-9d5c-903aeccd2edc,15
29b5a602-9a6c-4075-a661-6e36ca016875,8f17e99a-f946-4ec4-b35e-2228834ab1d9,15
94cfddbc-0627-494a-ad7a-29aea3aea832,22b27438-e6bd-449c-a6d3-807d5ce73260,14
c0a9410c-810d-4459-8079-9cf79a040d28,628e4769-0587-4bf0-987b-4f92ab3df23b,14
3e20ecb2-9cb0-4df1-ad7b-914e31dcdda4,d5d0f993-884c-4e82-898d-f2594783286c,14
5fe198e9-aa7c-45d2-9da7-4fbbeb5d542e,c5670264-de93-406c-8a1e-6ed19271adb7,13
0002cd24-7dd6-4542-acd6-e0c7e184c80c,8a7e4bf6-094a-4665-b123-cb90d99056ef,13
31fa3fc8-0d67-4b00-8f5a-3a9a69c281b8,e65df82c-c1cb-446b-94c5-4b010bb7df38,13
531be71d-a50c-4412-8139-a04fdd90bf48,4683e24a-8203-43b7-a8dc-6064eedc3410,13
b8651115-3826-4321-8693-68f1fd6144ef,ba690b84-8f5f-495b-a4ad-4cf056f6e5a6,12
6e74b49a-86de-4375-b955-1559f03d6366,7413ccc2-f3be-4d24-bd26-16bb06a9247c,12
457a2b01-0019-42ba-a449-45f99e96b60a,697535ed-2694-4cbb-8138-4e83f5e8deb3,12
fe288520-7f79-4082-b421-e7e4466bac97,1a508d56-fbeb-4a18-9688-5521e722d7cc,11
c5ea8434-25f6-479b-9e5f-b7bf04dccc41,0e4e65c0-fdce-4618-8e81-85e7fd987746,11
93f33571-550f-43cf-b09f-cd331338d086,f7dafe39-4471-4680-8f37-45f649ab2c70,11
2dfb2f0b-4d21-4268-9559-72926144c918,b1e1bbf6-ba8a-4d51-9eca-4a47cd7d183a,11
7530bded-fd6e-4f58-b5d2-ea681eb07663,7945413c-7da0-4a44-b086-380d72573b54,10
847d7825-6a68-48d7-8ca1-326b88f0ad7d,f5e8f22a-7c45-442c-af12-c3633bb435b7,10
14b42516-568f-483b-a141-800cfd1be324,e45777f7-898a-4ba2-a1c0-a936b5e1820f,10
e2f449a1-4cf6-43e3-911c-74f3ca9744f3,aa5b4e78-bebc-49ad-b7b5-4114136ff833,10
be0f980b-dd99-4b19-bd7b-bc71a09b026c,10b9a06a-9a20-4aa3-be74-4aa89125557c,9
3f27f816-99e9-48e2-96b8-7197a663025b,4961969b-521b-4c7d-9df0-32898aa32acb,9
101ce67d-13f2-447a-bb65-0989b89dfdb4,addcf79e-8621-4c17-a10d-a5642426d1a7,9
5de110f8-2e0f-4d45-891d-bcf2218e253d,347c0d9e-ea9c-4633-96e6-3430ce504bd6,8
19e2b708-bf12-4375-9719-8dec42771b3e,a5acc7fb-ad01-4ba2-9623-3bcccff5409d,8
ef0aebeb-2af0-47a3-b8ae-5665f8a62d11,2e1dcc0c-6a65-4761-9dd7-18f641af43cf,8
71e34cb8-3a56-4fd5-a259-4acadab6e4ac,610c0346-5b17-403c-8ac2-47b587c2bfc5,8
ea8169ae-5c8f-4084-ae68-dda3e183a101,6f4d42f4-4dc8-4253-a252-0db24fc4a067,8
ab44e261-e329-4327-bbdd-17a5478226a1,392866a4-dd8e-4b69-9bbf-3496e9a651c4,8
952208ba-2fb4-48a8-9de6-675d3f1026f3,a00edd38-d5ad-4068-a5d8-8c17d6365acc,8
88cdf2a7-203d-408c-a5f6-de83266fa5cd,abd9bc8d-dfdd-4de0-9551-d437a782143a,8
a3762290-1a94-4aa4-8cdb-57f789a4b796,5c2901cf-5653-4a52-81d2-720ab347b2d2,7
7893571b-6c2c-4cef-b4da-7d4b266a0626,4ee5baa6-f30a-42a5-b9db-622435569337,7
950af356-6025-4fdb-96a0-a9be6b893fec,e3310376-30a4-4a02-b07e-cf5ca8c43073,7
a8e87d00-317f-4429-b6f1-ceac0115b7d1,07c0dd92-5c7c-4d76-b3ac-4cb45c606d8e,7
fd753b92-f3b7-49fa-95cf-aed075c0f21c,91d84992-7888-454f-9177-2d430053d349,7
53523eda-1220-4176-bf9a-055ca7551376,7ece690c-094b-42ff-8c32-459b00f93669,7
54dbd1fe-c2db-4f85-b19d-b18c1cc3fae8,e0bdf67f-7ba9-46e6-8c77-34a5e4adbdd5,7
13032817-74ea-4a18-bd2e-7148950efd14,7b0c7278-7f51-46db-94c1-4bfca3294cdf,6
2434528d-4270-4977-81dd-a6308c1761a3,93bc74db-7a0a-4478-ba6e-6b5466c4adc1,6
d810b06c-d004-4d52-b0aa-4f3581ee7020,d5ce0afe-abe9-4d15-a621-5b8ec56bd087,6
f4dcdb22-a4c7-4f4c-a390-1954365b828c,91cb0cb3-687c-420a-9c15-2916ac1e3c97,6
bb6b3fea-ae59-45f9-a58e-249b56625336,81c0aa52-f24c-435a-9b68-787f6f6b35ac,6
7dd39bbe-b7a7-4950-aeb0-c502c9f05c20,c9fefd8f-25f8-428b-ac02-813fb01fe324,6
b1c14d5c-3625-45b3-a430-9552373a0c2f,0a986aa8-6921-4d0d-b3f4-33788303dd17,6
ff9b87e3-c548-4b3d-8782-7cf47b86c057,2a4c0dd3-ec59-4baa-bcee-175156c76fba,6
8ff68ac3-7f87-49cc-8c0c-c371edfed04a,82bf987f-470c-4511-92c1-648911d93c38,6
36b43a74-89fe-4652-9783-964a2c5f9b48,87e44ee8-21a5-4742-b142-5f0c6a346287,6
b1b05ab2-8e59-4f35-8b83-76d9a026391c,d0bb92c5-f15e-45d0-8577-46079e070a2c,5
2a4e4654-c794-4b09-b37c-89c92925d136,55fbc01f-b664-4ae4-abbf-611c9c96086d,5
a1f1e214-7ded-45b6-81a1-9e8ae3459641,a1852fba-4936-4600-849e-ecd5b629db90,5
41eb501a-f671-4ce0-a5bf-b64168c3705f,718ecc35-4078-4adf-a5b6-44f74e4bfa67,5
fd711286-496a-49d4-a9e7-056fe461f9db,4a83830b-c25a-49f3-953d-c0b09716dc88,5
12d4a11d-6aff-46c2-a2ed-ccc3494f903a,51bbd5f5-b0c5-4b40-8135-f74c5f8fcb72,5
32e232f6-4e92-46d3-b401-fe8baa3788e9,b12dce0d-0852-4c52-95f7-b31e6b83c322,5
90aa9e78-527f-404a-9c53-b0e4065c8287,ffe46a3f-8599-4d62-a427-6e245983034d,5
fa4da132-35c8-4842-bc84-851b1a5020ba,adbbaa06-7e99-4d43-a9a0-8b43ccdeea26,5
cc9f55cb-28a1-42fe-947f-a5a399a1ddb6,89dede79-f622-45a3-a2e4-dfdfca4fcad4,5
a8b027e9-7f32-430c-97c4-47dd7af95c70,b31b630f-74e1-4dff-a530-4a080082288e,5
381d31b0-f4b9-4f22-a0dd-92488db3eb82,35781a81-2097-4a85-a379-1c5efdd05572,5
578ecb1a-4448-4c2d-b6eb-9fe9df3b72fa,4fc2345c-4688-4ca5-a697-ea5f4adb0d4a,5
d968928c-f50a-40b9-b9b7-01ec79503152,ae240616-9316-4958-8a7a-4fc97ec64469,5
b7be7686-6f97-4db7-9081-a23cf09a96b5,164b7feb-4f2b-47c5-97dd-3c2826dc9017,5
2fc13062-e6ea-4a72-872e-044f7c08efcd,89659e03-4c02-4c0f-8f50-b1b806390ca0,5
d46bb019-9c5c-4986-a1c4-51348fd7ca96,5e5977a5-c9e6-4f86-9d32-9ff5a9d76bc7,5
29efcf4a-10b7-46b2-9d8a-2b447a988c44,661798f4-1b27-412c-99e5-084fdb021290,5
b4a568b9-c3f7-451f-9e53-b6d9c8b4e9df,0baad8f6-e2af-47b7-8434-0480cf2a3b30,5
b9f74a40-89a4-49e8-9969-7842c4748a82,e9c297b2-789c-44a1-80d4-4081c480474b,5
8e41bacc-baba-48d6-9fcb-708bd1208e38,26f022b3-7a9c-49c6-8dc9-d771c1cb1c4a,5
c6d14ca7-2eb5-45e4-9947-f5a2a5894fc2,151c4048-0246-4f6a-92fe-22af9b68bd07,5
a7220fd8-b71b-44f9-b153-117f6a6a7b2f,46ef5ec1-0160-4607-9391-1f4f4154d5d1,4
de2c154b-2ca8-4329-8b19-88b9f7fc49ce,844de408-fded-4a4b-9b64-d9d12867c239,4
4c0f48ba-5f29-44b1-b29c-1aff8251101b,04b778a6-1321-41d5-80d7-eac775b2a739,4
79c0f8d9-f033-4471-8268-c49ae7dfa1b2,28e61b7f-dd7c-40d1-aeb0-f85eaea83e42,4
8ac76c91-e7f1-41ff-a89c-3553b2da2c17,337192a6-faf8-4790-a72d-94204d1726b3,4
2155e298-b11d-4c12-ab6a-a570659e6eca,f15c022c-9dbc-486e-b6e9-63940a4987c5,4
b45b2e14-b22d-4196-b48c-b1b5506c874a,cd48508e-fa20-48cf-b901-b1f91daf9cf9,4
b5661350-c2e4-43dc-bce8-f003ddf8a3c4,c3a67002-74ba-415f-8882-06ef4a82c8c4,4
106f466e-699f-4890-95de-2348a6019726,6d491daf-6e0c-45ca-b3d7-6fb1885d3eea,4
2d3eb22f-f37a-491e-b7e8-1c7338fa0563,2e8bfa2f-7029-44c7-90ba-75853593025e,4
750b5c32-3a4b-4206-8f3f-0b1be6f9c1ae,575e8b34-78e3-403f-86d7-21a505dac278,4
036da35c-ba43-4e4a-9bff-72ec0f508621,16356b30-2ec7-4e3a-aee2-6dd37eb15c08,4
659c7f88-ca58-4b80-8a34-2e1e53a577dc,cf4fdb13-3d77-47ba-9bc8-38f42c62b021,4
6c115cc4-d107-4635-81cd-0617e0344073,28a62d3c-b68f-46c4-af77-ed15869e0c02,4
1a787762-395c-49cf-bfad-47f2f4cdd89b,49f630d8-3ad2-40de-8abb-83d0e52cada6,4
45cb9485-673d-45df-a2f0-27486343afda,3a27b0b0-ad51-4891-8151-fab6978dbeaa,4
35b02b4c-f3e7-40d5-b16d-18163e564750,427a377a-b39b-4b18-91a5-ba6a69d0748a,4
095c7936-2786-45e8-825d-62582a61f6dc,cfa3173a-4aaf-4ae7-87c3-07f91e589752,4
6859a4fa-c421-40c4-bc20-3fb21506e2f1,80708c9b-9b9b-450c-b171-f8f4bb29ad1d,4
faf5cef3-1f6a-43d7-b2da-83cf0e821b62,10c860c9-fd5f-4fc2-94ac-00be3fcb794a,4
704e446a-6e66-4d4d-801b-0f1e29888479,907f0bf7-9327-4f59-adb9-8e511864aa30,4
44ff9210-0b67-45b2-a1a0-959235776ce6,6d501e8b-bb36-469f-b21d-0938425aeb5c,4
35da0c1e-9ab3-4aed-a9ca-8d89f0036e17,67af3e75-c1d9-45ad-a8e2-37a2a1919214,4
cca33585-8edc-45a3-bac6-3b376a00a791,b5c3c92a-2577-4c32-b2d2-f95edafe848f,4
d441ad83-6235-46d6-ab1a-89744a91b1d8,6adfec37-a257-4965-ac70-ed26817e9faf,4
43481f82-e6d6-43c5-ac7e-263137f62d79,d22ffe95-fba4-43d3-bc8d-fc5be493725c,4
3aea1373-732a-410f-92aa-1aa88a1f2282,31bb029d-61f7-47cd-933b-c97d378e9d3f,4
fb9e9682-0122-4c27-ac68-4c419bcfee51,e4c9b650-d4db-4323-8768-01f7d07f7488,4
fcdc7058-dd48-4a81-90b6-281159ae72e0,e945e9de-bf0d-454e-a1c5-f3a28bfaf4c4,3
430c8e9b-f6ed-4977-ac62-88730327849b,963544d9-1ee6-48f8-9da7-b64f6fb3da6c,3
6675db40-55e0-4a98-a838-66f4a0c06b1b,ade1ffee-d1b9-4bd9-a91a-bff8f6a533f0,3
0685d760-4332-4f24-b2ea-ffbbc2383f15,fe403e1c-5cdd-420f-879d-c572ba16448e,3
56bc28d8-9d91-479a-9426-65273e7a9fbf,16557b41-a18c-4328-aee5-77823df8513d,3
d2053627-ba14-4532-8b68-95e6bdb2da83,03dc40df-91ca-4318-b542-7c019c114df9,3
facac3c4-e2a5-4257-af76-205c8a821ddb,18f2f9b1-52c6-46cd-a1aa-4f5884e5d470,3
0fae1cea-e49a-40f0-94b3-be5e19bbdd91,500dd2b8-6770-4e8f-8d1f-7b4c0ba980a6,3
f40498f4-c847-44ae-a22b-2592af420bd8,da612159-08a7-4d24-bbc9-21d010ca0031,3
b67d722d-aa8a-4777-a169-ebeb7a6a3b67,2c5660fa-2ec7-4a5d-b507-7384ec81f4e4,3
015d0fbf-d71c-45b6-bffc-a21028b569b7,cfdfd9cf-2b68-4d70-892c-24146d68aeca,3
49633e65-08b5-4fac-9c41-072a7a2dbacf,d6fd373a-8bc4-470f-8ae4-ba8880e14b1c,3
e1565a12-3f1b-49b3-a237-2f9fdd3a7f31,e18b28c4-7213-4b09-83c6-7dbdc6630210,3
7a403b79-027e-4356-8754-75db293378b1,b9180a37-69d9-433f-a02b-a56742542055,3
d33bae5d-6d73-4a56-892a-35554e16c9b6,cf2b63ab-2fdc-4c86-838f-5f256fbc0521,3
7a9376d4-7c43-480f-82ba-a090647f651d,103efcc3-a78e-462d-b055-fee6e557ef85,3
5782cd3d-76b8-43d6-ab95-cb4aecfc7c8b,ea7fa5f4-8db7-41d5-9b41-57759f3576f6,3
bc790753-dc67-4afa-9e3b-622f3a8c0612,fbb0c9ef-1373-459e-bae6-0d74c72f2f24,3
e6f978e1-75d4-4db0-904e-5b79fb778570,6f920983-ab01-491e-a762-ad612df983ff,3
c5728ba4-fadc-429f-a0ec-b819d9aa7ce0,996c3047-fde9-495c-85c7-8fec5561e018,3
783aa708-6112-42a7-b855-c7296ee31b8b,b326258b-f161-46dc-930a-d4d6c914f559,3
918079db-c902-4e29-b22c-9764410d0375,f7941bb4-08b4-4004-ae66-bf3b10222253,3
93ab049e-af25-4b60-917a-5b1af79fb027,39fa66ab-392e-415b-85c2-c28bc326b3e3,3
7ab6f1e9-1f52-4e7d-b852-1072689c1ea2,71fa5344-3a33-4217-8361-68d7295a9d0d,3
7e2324c6-6925-427e-b56d-4e6eda16752a,082e2020-150b-4fd9-a765-12d062ba51b5,3
38e00f45-011a-432f-a79c-7fb1bea84c2f,4d8ab920-9b2f-4dde-b00a-b4d70c153bd6,3
390d1495-7e6d-4009-ad40-9a29b6067f63,f4b05502-6364-426b-8f8d-ffc4e1eebc03,3
12683cb0-e19b-498a-a97a-9d7db9d5bd64,f0f0f264-9030-40ba-a473-9ea6a039bbcd,3
92247c24-8a8c-47f3-a7f1-85df939ad4b6,65928cf0-345e-4b36-af3c-4c3943be9e1b,3
3143a543-edee-49dc-bd20-22d7a8454e52,5d0c4348-3f2b-4d88-b8f1-a53f05beaf32,3
e5bd3c32-3235-4c1d-a4e2-80e86c8cc2e7,5b56c586-e985-4918-96ca-d5ab2a87dfcf,3
a48cca56-e6da-484e-a814-9c849652bcb3,c14dc203-cd9c-4a99-9376-0e596f63750e,3
0091f901-8eb9-49ad-a413-3bd58cb1aff0,ff3d62bf-d30f-4e2d-8637-0a1d65043e3e,3
f919b1ef-c0c3-4735-8fca-0928ec39d8d5,54518958-b409-404b-b6f4-3ce172990204,3
08276de6-cfcf-4de8-83ad-5742751688b8,75d6f4a9-dcd6-4ab3-ad67-12dcb4958a8e,3
4d3d260a-9c40-4306-8dac-0d64717039ec,0e92263e-11ca-4f5b-b028-c5bfb404bbfe,2
8ab849ad-327f-42bc-8950-cf82d4491bd6,171ed52f-0cbb-48a5-98a2-5e7d4427e940,2
0f69509a-e6b0-432d-97f7-25f51d88fff6,eb964132-c872-491b-b1cd-79da0fdd816e,2
882f51b7-4eac-483a-8519-a6db0cef8507,cdf223d0-dc10-4f4f-af1a-db274171952d,2
7c5d5df7-38dc-4b8d-b84e-4c5697ddf810,960b0a97-f249-4d65-ad4a-f179d48422fc,2
24884996-6863-4925-a1ba-f1a160b581e2,2b9d27e1-f7c9-42bf-8871-f3aac6e816a4,2
8b24586e-3d8e-4046-b6ee-e19d083f43d6,63c30f22-7560-4d8f-ae1b-03154f64b55c,2
e39ac657-392d-44f6-8431-a2268d368177,b85e38e3-46be-42ee-9925-dbd9be6f885a,2
ece76e02-a02b-4c4a-906d-98a34c5ce07a,0d1e4f23-5333-479f-a9ee-cac9f916d4d8,2
66dc1f77-2e0d-4d13-b961-7c2e63aa376b,3c23707a-537a-4c7b-98c0-5c2f0acbcf32,2
a2ee8ff4-2769-4c1b-b831-c176600b3951,53ce9ec8-957d-47ca-ae46-78e081d7f1d2,2
04e1674b-7af5-4d13-a082-64fc6e42384c,227eeddb-32df-49d5-a7ad-32ee8b5d0270,2
00fc52ff-64ed-4568-9136-13fe046f4b40,31585b6e-3c8c-47cd-b6cc-f30c9665bf41,2
c40425bc-70ca-4186-a5c9-eb0bf42591ce,c55fb364-7662-49e9-89f6-75aef1944c78,2
41509a91-898c-4e41-8696-2218c763c443,d5cc7f15-eddd-4e78-8647-b6fbfca946b0,2
33ef7aef-b39d-4300-9645-938131b31d9c,00fb741d-cbfb-4b44-8d1f-4ad45e23f3d0,2
255ab659-24e8-4d0f-b0df-7db78e5506bc,1cec7782-0f2c-404d-9e5f-5cb672bef061,2
20643ea8-fc02-4189-9323-b88ad0341171,ef47d867-9100-4d1b-9993-aa66d5d74284,2
25ffe649-2d94-4266-ae75-6f10049d4a98,d7bf68b3-c24a-4b90-b6e0-4c45245f5a2e,2
454af2c9-bf01-49ef-a69f-c72801a146e4,fa1373a8-831b-4ade-b3fd-953191d96894,2
8fc43c60-4563-43cf-ad1e-b9b67501268a,0960430f-e8f5-4f3c-831e-824e2d865122,2
80354804-1fdf-428e-9f5f-5091e994cf54,515f4657-8928-4daa-8d73-af17bd8ac99b,2
c7c0c12a-f912-4312-b7b0-3103df042b97,2fbcb988-9512-41d8-b9f5-9301570385b9,2
0b03090b-7ffa-45ab-a46b-387130ec0633,8e46cc8d-9267-484b-b75b-9422aa6144db,2
c420e8da-0cff-499b-aa7e-d3513b46205c,fcbf9e6b-e188-4e21-80aa-76949fae4643,2
8a531aeb-1a2d-4cbe-bfc1-48d8cbdb3642,3cdf43e9-5278-4ec6-9d68-5d87a4c02003,2
73e72f79-bca8-4950-9657-bbf880560def,ed1f2293-69d6-4dca-ada0-35ffff0f8d16,2
10e5761d-5d54-4722-83ff-526db4062a78,6b1bd82d-3a6e-4bec-88fd-fa206da82b68,2
ded741cf-7c7b-40e4-a99b-28a3d26a5836,cba2b9f5-e8c5-45bc-ac36-d8a997da1bcc,2
13c3c64e-0de1-4c09-a5db-6ae863575a49,106d23d4-91d1-47b0-9c9d-e03c65b08e18,2
7ef3a6e7-aabd-4b6a-b92d-48b39690b379,8caa6df1-6d52-4c08-9b32-ecfb30f2de53,2
4327982f-f49c-4cfa-b362-e23ffe2ef96c,a7fbe30a-9b90-438b-a4ff-6ccc6ae431a0,2
6e96d94f-816b-4f35-806e-47668491cc72,215a7f1c-1e11-44ef-a16b-2e4fc3e6cc16,2
2bec672b-29a0-4df5-ab85-f37e050b36ef,26e14de8-09f8-49e4-965b-1aa3a0c3338c,2
f86f8805-ad14-4343-9a0e-dc1c0ff7a431,26d8e40f-3fc2-4d43-8379-d44ee102a09b,2
38d31a80-d896-4a2c-a898-36edd86eab2d,ff481f42-285d-4eb1-b311-7d41850854bf,2
43c7fa0d-fe1f-4201-980b-3d9be41913e3,cde80097-a6a4-44a3-94e3-298372fd0d27,2
b5db96d1-980c-4944-b397-ca7ef585d435,ede65cee-70c2-4c7c-8e30-3847c3387738,2
246cd56d-4504-4a0f-8590-e264028454c6,b7bd0779-3ec8-4151-a2bb-46820045c267,2
b68c6481-b22b-46b3-8c4c-0024bb9b9b1f,4daa748f-c496-4209-8275-7f54655f0106,2
923e41ab-ad0f-4624-8c71-f66a298cc0f9,6eca43b2-57e5-4f3a-99db-ac88e86151c6,2
c12fc62a-7568-4b2f-aa0b-5c0cdbaf5faa,4c5e4bd1-1145-4143-aff6-e903b071089e,2
87a7e5a4-ceb0-45b8-b97e-006908a8fc2c,d299b3b8-5760-4cbf-b2fe-e3702178da5a,2
7e2d0264-a2a2-4777-b1a3-dfded140a4b9,1d075b30-3372-446a-acc4-4194d637dfaa,2
1933ab14-9e5f-439c-b8dd-0ee0b4644dba,b125ebe4-670c-4d8f-bb2c-131d70f8cbe8,2
72e912c8-b141-4a0c-a83c-b1d892609013,254c02b1-d576-4c8e-86de-77eaab707274,2
d9da684f-2c03-432a-a7b6-ed714ffc7683,065142da-91a8-4748-806a-61b6a5150adf,2
81a7d915-1995-4db8-8e80-18bcdd75c538,9db48594-297d-4d34-bf4f-148dd234852a,2
b3fba410-ff62-41b9-b7ea-8f3e8e5319bc,054040cc-3ca8-478e-90d4-a5e79e7e0a6f,2
2916a955-0360-416d-ba9a-1608933b9065,73d66134-c176-4c32-863e-29153f265dbc,2
8820279b-c0be-4bde-83ed-fe6b6f9724d5,671e91e7-65c7-4e7b-8393-c5ff3cf6a14a,2
8d088ff8-7e52-4d0f-8187-dcd9ca37815a,cd40e30d-26e6-45a6-a300-ee19abe5bcfa,2
35a18317-6e9c-4723-bec7-7ecaa6afd783,98ad0237-9003-4603-b743-69e5a7dd6dd2,2
9cdcfcbf-25c3-4e08-b72c-17cc2a8ffc43,ce51536f-449a-47dc-8bb5-99b9371167c5,2
2d69f4b4-7b0e-4184-8681-9a47aad739f4,092f2a2c-d82d-4aa9-ac95-69c0c623a394,2
60436191-a420-448f-b3e5-9d00da0b2a58,2268b97a-7959-44ae-89ce-a445df385ae5,2
289321e0-9db6-4644-b371-956e6056d9eb,cac6f888-fa35-49ed-91e3-2697f20217fc,2
ecfb9980-ca76-44d2-afcc-5a8e6d4e4fe8,f30730c0-37de-4eb5-964d-d6efc9de267d,2
3f872cc2-5507-4259-b94e-c11ec61f9cf3,3dd7674f-25af-4379-b045-1ab4fd575d55,2
3c54a4b2-7344-4f24-bfbb-6cb340e141c7,514c0f9f-bf84-46ba-b6cc-ac2553c69357,2
b03b8cb8-8756-4add-90c2-9cf6a86d6056,040ca4d1-04c4-42c3-a12d-e1f5aacd984e,2
d3e30e3a-989a-4af4-b9ca-4e6ac1e0da94,6f4e5221-6c97-4899-8355-5925e18e2d9a,2
8172f932-5feb-4c4e-af27-7ccadf81b8ba,8eb98ed0-4f2b-464b-8af9-80ac3998dbec,2
9356ab53-e6a3-4b3e-ae06-a65cdaf3b31e,65734271-28be-4f4f-8445-02bac20eb5ed,2
7c7fea3f-e205-448e-b10a-701c54916e39,0c04d664-afb5-4807-9dcc-8bce721e020a,2
bd5f9dcc-7015-4258-b079-1a995ec9e936,1623418b-412b-434f-9a34-5d5dc04298d8,2
0d0aefbd-5234-4b6b-a19c-8c0b3d59a16e,b0391e45-8f72-4990-903e-c4ef3ee02fe7,2
86dc2e8a-1a1d-4fa4-9b7f-6daee364a03b,bc74a00b-d73f-48c6-86a8-4c5aab8f458f,2
7a91178b-9d0a-43e1-b909-bb1f23a907e3,1fcc9250-a6c8-470f-8c35-86ec1d254290,2
c3bf4e61-4ab4-4b2b-bd3a-fc85c7a1c0f1,5cda60c2-0016-4f3a-bb06-4b1817c432b4,2
c3af39c4-5034-4eda-977a-4ac8456ce8dd,732b7756-de56-482b-885a-33daee26d7a5,2
d1ccc372-a20b-49cd-81c8-ed45b1dff328,2600d33f-75fd-47cb-a7b3-80ed0e3479c4,2
886da940-de67-4e25-ad9d-8e29a6e1b166,ce2a2280-8be9-4178-8175-ca63a1d4c5f5,2
5e143f45-a8c5-472c-a947-0a3055c85501,a9d49e5e-a40c-440d-abd9-33e89a092d30,2
a66b0f6b-d953-4f09-95b7-5213bd230c18,6fac0b8b-724f-46c0-97f1-ecf7e1d8ecc6,2
d7fe2956-94a2-4af5-8688-321679660fe3,ef4d73a0-de24-4758-ada0-4d8e47c1f0c2,1
ad30e5bc-301d-40db-a10a-0e8d40abe0f9,fd82ca29-c355-43cf-9c4c-1a9dab154586,1
25711603-6e12-4a9d-a7a1-9c3551847074,cca1e790-3ba3-4160-9e0e-53d0cbac8326,1
e6d7ba17-4378-433f-96fa-a48c4590ca82,d938fc29-0209-444f-a18c-9a6a113a2567,1
fc8e13c0-422c-4c55-b3ea-ca318e6cac32,bfdffe7a-542b-4d0d-95d0-8d07f852ac2d,1
ba301108-5685-4932-ba7a-0a32af822a78,e42bccdd-c450-44c0-a3ea-fedfd3ca3b28,1
1e3ab411-a3e6-4ce2-8653-f85e57f65660,689332a0-2429-4cb0-8992-1f4b46375dcd,1
8b3dd73e-4e72-4679-b191-56da1588712b,c8a4895a-1d45-4ccd-aef4-f3da9c5fabfd,1
d6130c51-e1f1-43fa-b6cb-9634098b05a6,af125672-de03-451b-90a2-f99badf467c3,1
53c87e3d-377c-407d-a9d1-0cdb69c12968,373fa613-5164-49a7-9c4e-4a2673ccae86,1
1521f999-f722-4a4f-9747-166f93e9b0d1,860eda45-10ae-410d-85e1-12c04e8e5f3f,1
d771fd6d-e7f5-42cf-9fae-16e7351b81b9,09e1c507-20c8-4b93-8594-4501e2e89a25,1
8b6fe405-6811-42e0-bc1b-64b0b0e5b91c,384b751f-8161-4bd5-9a63-5e8c5bd9a62a,1
94c3e67c-9e2d-4800-a6b7-635d97882165,30d3b0e9-fc1c-4de2-a8ea-39c5d53d96d9,1
bc54d6a8-551a-4631-bbd6-c30f8a5cc6d3,38815f1e-ba61-4879-88df-18513c0e4aba,1
e2aa8420-9eda-4108-a9e5-34c721662ca4,50669a6b-a288-491c-bb31-8d5df4c4fb9d,1
9b9edfb8-4408-46c9-a75d-84dd9e39ae2f,3d802b9d-b1f0-4f12-9ff7-d390bdc366af,1
dbd3a8f5-2327-4193-9559-a36e9ccb40f9,3f8d2630-93aa-4e8f-9535-0bcd575b17bd,1
b449ea45-a0d9-40a4-88d7-6357ba171059,8e3b074f-905e-47de-a0ff-ef7135fa795b,1
3c8e1303-e9be-4edd-b73e-d9e9b350f219,e1727101-2a0e-4fa5-b025-c901a99da4d7,1
f224c3c9-5f00-44e8-babd-133e9cd928d1,67bd0ebc-81d1-422a-a222-f4b6cd142cb1,1
86cfbcba-374b-4244-91f4-399033e73ea0,07f73ecc-ac06-48ef-9b0f-bda1d2463580,1
d50035f8-6416-47e5-9410-9bbd59f22b3b,b8a96402-d94c-464c-adee-ef92bfd4e53d,1
8e090897-cfc6-4515-90c9-975e9c464898,25476cf5-1b64-4ec3-8783-59d48dc84a2c,1
22b093c2-4aec-48ab-8cbd-1dbd6ea545c1,3631237d-fd59-45a1-98f1-06ec82cc9c10,1
3d996c5e-c205-4771-a1f9-f92f3d324766,03ae8391-c129-4638-a907-c8e4605089c5,1
f5c5de6f-58fc-4b46-899e-8d9e61b3f1e3,a2f0dc7f-5f36-4dd1-b7d0-94684e3de1d4,1
4be7727d-9501-44f7-804c-e27e18537313,c1bd01bf-1469-4654-a0be-eb38f999a436,1
7981e950-6869-4a44-bb3e-b6826342dc7c,d8c126e0-7deb-4f3f-87be-8932c4ec5310,1
5856e91d-192f-4b6b-8212-06ea11394098,b41fdca6-e219-4149-a083-9b72f7cfb34f,1
21cbdbad-6e79-46a0-b3f3-3a7f62554acc,640f5121-fbaf-40d7-a19c-33e2e9d071a4,1
6f3b62d5-d8c8-4e11-affa-28d99dfcceb9,22891e56-02dc-429f-a3d8-44ee74b64b76,1
ffa1c685-d22b-49b6-9431-d57eec95429e,70a6b287-1a1f-406c-992d-6ffb975bd22b,1
15aa5aee-1455-4749-9b7e-a938994e5188,32fabb5e-98c0-48ba-84cf-9c11c8bace68,1
1faebe59-24b5-48c8-8f1c-817762a49147,b98ddc2f-84c9-4bef-b021-65a7f544333f,1
fceebdef-cc52-4b6d-80cf-1b920341dbbc,79d6abe4-12ff-4fd8-92f1-f48f797db597,1
32e161fc-98b4-481b-a0c2-2b74a6117b85,d9e73d53-f78e-4dc1-8139-28dbac14da15,1
b05df757-04f5-4844-9112-b05d15ddbbf4,29fd6bea-7983-4867-a490-ee1d2315d988,1
23f1f8d2-b64e-4047-980a-61dad39f90ee,444c78c7-5be4-46e2-b6ed-d596bf96bf06,1
5739346e-a270-44d6-a123-50baff1a4fe5,dbd6238a-3ca3-4154-9a34-4a2592ea4ace,1
2a9f86a9-29e7-44bd-8863-849373d53db8,bb53edee-07e4-47eb-93a2-fc2de8753c8b,1
e66047ab-e223-42be-b586-52e789b9bfcf,23fa473e-d02f-49aa-beb8-11d3840f5a9a,1
150688f4-8db2-44d3-b980-cd00ab6848fe,d6a8f0a8-b811-46f7-a617-a02b4aeead1d,1
c8310bee-5ef1-4fda-bf9e-974a8cf39171,d17ec457-7462-4574-8976-5dd513e810ce,1
849c4293-31ae-4825-a834-b8bb5ab65c28,cbe8fca3-65f2-48f2-8dc2-1bff17404dd4,1
1d52ba18-85ac-4a44-9bbb-a64541c69c85,7e333814-0543-486b-ae4b-d7e4acc02f4c,1
1273caf7-13b7-4a89-b44a-3967d45ba0a9,fa000a2e-8c3e-4932-b3d2-1e8d1ca47319,1
752b8092-f529-4eff-a6e8-179e3309ec1e,b475dd7e-4680-45be-86df-5dde2f5194b8,1
f260df36-bc43-424c-8f44-c85226657b01,c0ab2d70-ea34-4e6c-b513-b5327698bd1b,1
a6bc45fd-3569-4752-8b4f-be0d67c694c8,acf58e68-359a-45de-b1e5-5c0e98de19df,1
49bcf059-afa8-4bf9-8470-fad0c9cce27d,116448c8-35dc-4bbd-b6d7-9a6978ab7f65,1
da2d365a-7410-4aee-8bc7-2024c8d81aa6,830dc9d6-3403-46dd-a1d9-dab0f3b839ef,1
4c444860-61c2-458c-8e61-831119c1cb4d,d6e2c2fb-8f57-437e-adf7-5f7134294157,1
37093314-a8eb-4169-b02b-9cf94a71c2e1,ea56d371-92ed-42be-9af5-4cd785552256,1
efeba1cd-9862-40f9-bee5-0bbefa80e313,a04d0f32-25a2-4cbc-b03a-97f78ee99109,1
643428f4-73d1-47b2-b0b0-9e2e38963a57,e6b86f4b-3496-49c1-aba8-6ea7285bdbfc,1
e0fe8cac-94c9-430b-a3bf-1890d3f1b398,097484ab-9ff6-430a-9e04-b2655d2ded92,1
cddc5ffd-9378-428d-bdb9-f54efe98769c,cc12806c-76e5-47ce-bfae-70c8c1c6a9f3,1
dffde94f-72fb-49ae-acb2-0b961abd5b41,2d6c3d46-2095-456a-b52e-13d1079cf72a,1
0f634ac3-b39f-41a6-83ba-8f107876c692,5f31399c-a62f-41eb-ba5a-61013de0ab46,1
76e3921f-489b-4b7e-9547-9ea297add9b5,e7179b2f-d659-45d0-b20e-84fced166069,1
3a561a26-818d-403a-a32d-7f954748cb9e,152b0764-ff67-4004-8d7b-ce61a8701c91,1
8ac4225d-43e6-415c-ae38-6e4f1f306107,86c06279-1176-4007-afa5-ba5e7282cc1f,1
b5a078fe-4334-4ee6-9122-352bf41674ec,a5d5c585-1f9d-4296-8a3b-83fa5e072f1e,1
780e0d8b-30f0-44c1-8bc6-1875fc5634f3,f9e17fec-3f8d-4655-8ae0-69eed89738c6,1
4db6f928-bfb9-43eb-8104-6b85a431cd6b,64d545be-9944-4e1d-8e66-bcb7f3d9e5c4,1
207baa97-e7f3-4a3a-b179-49ffb5e87a9d,b6050070-af12-4d66-91f6-ad7e438dae2f,1
f2ddb62f-8335-4cc9-9886-175b834e4bf3,db984d24-40f1-4122-96dd-88e82573bd0c,1
c21323a3-a353-4cf7-a1c7-954e704b05bd,204e7389-b564-42e8-b2c1-2915541dfad6,1
653c8533-42bd-483d-9e9c-155a13f3d61e,71c71590-ba58-449e-9749-34b8d4e3ffc2,1
515fce4f-ec7a-46f5-be34-13c81256a7d0,2da0a1af-ff6c-4e39-a062-f10d291d88fa,1
1fd4843f-cd14-4d81-912b-7bf2049814ff,cea18cc0-eaab-4762-a21b-fe14c5b60aa4,1
9199d7a9-3b1b-49f8-9b56-a59146b42716,b5776492-6096-4dfd-a4a3-be54b68d6a66,1
2d1ce83e-fde3-43ab-9c17-722732c40f1d,de21fb0e-1d92-4e83-bfeb-489c5b35824f,1
2567d566-604c-408a-8a60-55d0dc9d9d6b,4d18be44-1b59-4114-aca3-abb4723fdc01,1
5bd1450c-8b7b-4877-aab8-688d37a70b6e,0f503ec1-87d2-42dc-8294-dd4be93e52fb,1
db9a16f9-8fa8-4189-ab9a-ba762f016df5,bcb73d7b-d724-47c5-ad3c-bd780abf7baa,1
b3ccefe9-2f91-4b08-a69e-173deeb0c313,c4d53bff-9c8a-436e-8619-2848a33118a9,1
dc2ffe32-a49f-4966-a930-2f71c8cf1e32,11a594bb-262c-430f-b524-92232ac426fa,1
f2ad197b-b296-4938-bfff-0db3f914bcee,838fd41b-2eb0-4145-ba97-3776c8208b70,1
6529f55e-1eb5-4488-b560-c215462974a9,8d0a56fa-02ba-478d-a9c7-f434e7be9209,1
8f7d57a9-4988-4be2-b64f-97e297adcfee,36a34154-6083-4343-bedc-ae8f2790e4ac,1
4c3071f9-89a9-4e93-a64c-89a51d37d551,19a33c49-cafa-4d56-812a-21dd925b6efc,1
6e63ffc0-c2fc-4cc4-b6c4-666b2ce89d92,8a7f8d87-3d2d-425c-8a66-435031f46a10,1
eb06985d-06ca-4a17-81da-629ab99f6505,4b251e84-cd78-44dd-9fa5-2aec6562d1bf,1
5ae1af62-9505-4097-a69a-c1553ef7840e,52922974-dcf3-48d9-846a-1a707d749427,1
b5db11ac-8f37-4109-a146-5d7a302f5881,6e4ae212-c30c-4eee-a9f7-5b202f026ce2,1
4c360567-f4b5-4bae-b0cb-d6105c088086,0e678f56-b3ea-4033-8e13-5649fda41940,1
e4cc3425-4711-4cc4-adc6-0006d217b2ff,6a852c11-73b9-4d4a-b957-70ee8af83729,1
604430d5-5850-4f66-87f1-7b080dcc538e,a6bb5084-3671-4e1f-97fc-81ccb6915687,1
b605532c-ff8b-473a-acbf-0bfe9cee5ab0,6334d870-a13a-484c-bb08-b2eff8c5d883,1
84d871ad-f43f-466c-a831-64a1209898da,ab0f97ec-d676-4774-b256-bc4e8ae866d6,1
ae9037e0-ba84-4f31-a127-d22da745a7b7,16b45466-8b52-4fe3-b503-38da51b2a3d6,1
dd390f43-dbf7-46a8-82ae-68d96b632784,5f09d589-ad94-4886-bc14-bcafeea7dc2c,1
de9651cc-4c1f-4163-9f5d-2ca7449bdbc0,9467934e-b9e5-4957-9500-f2e7eafa9528,1
45d53a40-131c-4896-94ef-8cd3538b3834,40b74a79-27fc-4926-bcaa-3a378660f92b,1
107c6aa5-cacb-4583-b8d7-ad04114c61ba,2f17f27d-98a5-4bef-985f-5fd23905dc51,1
85e9453a-75a1-45bc-aa21-183120e13aa9,91312451-710e-48f0-bbba-bc03fb061435,1
0c097e44-d6b3-4fdc-9352-52d30ccb0fb2,b97d8ab7-efa6-408a-acff-b735ed057f96,1
971d8df4-850a-4913-8479-de4d51a1da89,518c608a-3a0b-4fb0-90e0-256ab73bed21,1
e0fe9d9f-d4ff-4dda-a915-5b9413775ccd,2390db89-1e68-4a69-865f-9e88b078a9e7,1
61f0a7ec-2fb7-4d25-b0a7-7772ef495bdf,a5493c53-d4c4-4df8-ae62-44c272a434d9,1
9dfd1e5e-bb06-40df-8eeb-2a295fe4dda5,a49c0107-6d22-433f-a6c6-343aa7c6c373,1
8a161d80-860f-4058-81b6-ed56a3ebfc5b,29c481b5-c3ae-4a54-b140-bd3f2b03e244,1
f47dcce4-02e7-4d88-a659-a2d0bbe170e7,3fe26c2c-8b01-48e3-bdfe-2b24c94535e0,1
49f292cb-07f1-4e23-a6be-28db00c8ef05,99e97b7b-4217-4b00-85fb-b59f7ae90fb0,1
7cc8e357-468d-472c-a6fc-c5600e789b55,23f5b116-b48b-4c5d-9191-1360e4ea8276,1
e79e466c-1c8e-449a-a93b-dcdcb8b3e6bf,de2c5d7c-6389-4809-8cc9-30d9e90a5a16,1
cb3b0d1e-24fb-4847-ba48-2f5e7c2b9b23,9246c0d7-ced3-4d6c-891f-3a4b526e34cd,1
45d659f4-1555-498b-93b5-0b99a89a284b,7021b8e7-5310-4ce3-8da5-2ba735f60a5a,1
43b4557d-388f-4f30-b19a-46b25d08082b,73b97551-1a24-4c40-b4e1-478a8095b953,1
da3eb838-b263-4153-afc2-61dca27ab131,d6d45fba-6ef2-4f4a-a54b-dd0e899e3ee0,1
e7892f13-4fab-4aab-8dad-0a1408a6ad38,0484ab49-b99e-416c-86c0-df42c890a3e1,1
3492b676-54b4-4038-b8a0-1ce3ffde68e6,ef959f21-2fc9-461a-9f34-4c6bc19be4de,1
690c7503-cfa0-46c8-8565-7a2e8e4643e0,2674db4e-5199-4d40-a374-4780c5bd74fd,1
2576346c-9053-4e5a-82b5-85dfa6ea2128,60189eb4-0a5b-463a-929d-1457f96149a8,1
aaa56331-c05e-499c-88f9-6d66245069df,18280d40-048a-471c-bacd-98d0d770874a,1
31f8ac8f-fbbe-4a64-8034-822aef13da01,2cfe4e4f-0f01-4445-ac4e-0bc7ff8271f7,1
99dd3a11-4348-4468-9bdd-e5072b1dc1e6,99e53daa-6145-4a18-a608-b8bfd94b57dc,1
8c2475ff-d61d-4380-9e29-3c4317b5f3fa,3fae4863-f768-4e78-b3e3-e940dbc85c41,1
d4e6b07b-a651-4364-97af-28b81c0012ed,02ca1626-4919-4e7e-a220-27985ef3bf5f,1
c1eb5112-7946-4c9d-bc57-40040cfe3a91,f8a72efa-b074-4b4d-a935-0ac19833b6c8,1
edad1ed6-183e-4bb2-a41e-8b82fc3fa26f,0ad2d4f6-0cf8-4db2-8c45-801619c0995a,1
24a29c14-f659-4791-a5e2-4e980ec6cbeb,1b276fc7-a74a-4eb7-98f8-8889089f8187,1
e122af3c-4c68-4e49-9c52-4ae1e25e91ae,a93b46ea-33f6-4471-b870-b5533cf4b798,1
e08b1364-05d2-4b7e-877d-5cf19ce86baa,41d733e4-7f29-4c03-bc04-49e701a1cf84,1
4b0911a0-929b-4715-944b-c03745165b3a,7a79bef2-9e74-4713-b37b-cea2fff7ebdb,1
26401abd-bda5-4177-8f6a-fb0f875f6c92,f6111e5f-8907-4e39-bf3f-f03bc4fafe8b,1
6e1e3a0a-cb5b-4699-9a6a-595e9ef289e9,deb58ad2-35f6-47c2-aa3a-65e49bb08a49,1
d4b8586b-3150-4403-9204-9d8e86ffa8de,f52c1450-2bef-408b-93a7-72c3e3129946,1
4718e228-216f-4f77-8e28-7d2839a51e4a,3a6834cd-648a-4983-afb4-759ddaebdffb,1
c6255469-a3fa-4115-8210-787052407db6,97d3763e-670b-4ce9-b5b7-6f72a01bb5da,1
79be6dc1-d78e-4bbb-b22b-d994c0a417a7,f0696c64-6c34-4ab6-ba20-269d6ec844ae,1
6f7d62ca-acb2-496b-85fd-b998e73afebc,a43db950-23d9-498e-b9d2-5c96edd93a3c,1
7245201b-545c-4a33-abf3-b675eba220fb,da12e1af-00ca-4210-8e3d-1fa988173203,1
9a309606-d6ec-4188-a28a-298812b4bbbf,d552e716-8652-4dfe-8b69-87ffdde4fd1a,1
1b889385-9a4c-4672-a302-9fc2ba48a41f,0f1391f5-492e-4508-9d64-f58e89e0a368,1
68f381e3-46da-47b9-ba57-6f322b8f0da1,0ee886cb-b235-4020-80fa-c0067f67b9cf,1
5a50bdd9-5b35-4c1f-a977-f078974e6d10,9377f534-5fd3-44f7-8460-08e57e78f267,1
67394d15-44d3-401f-8cdf-4a8ad84fec48,d5367711-9bb1-4ebd-9012-19db579391a6,1
69467a12-02dd-4e39-ac3f-b2a0e93597dd,5ed82e4e-6f50-4675-af0f-9cc48a6dd8f6,1
87f64de7-8ecc-4ac2-b0d6-cf479d6922b5,892a10aa-c756-42f4-a290-4d9bb1415ad5,1
6353b382-8fbb-47e4-8068-20adc46acdb4,10f23753-7c3d-4a50-82c3-d096c980d7d2,1
99d4f704-71c1-443d-95fd-466978b7e5ff,def47357-bb1a-4b1c-a109-0b8972cf8dc2,1
5a08023d-3cda-49ac-bf7b-e3e1d96c9692,799dce3d-8baf-4989-96bb-663ad9f9a79a,1
6bf1a438-ef3a-475a-9e51-6ff6e79af305,df5bbdf1-d05f-45b3-b45d-8e9acc2c8750,1
99e3b1df-f234-4c5f-8610-210f0eb99526,fc1200f0-ad92-48b0-90cc-b3900a0d5ef5,1
50488be8-ac74-4dcd-9bdd-44db35d92d8d,70cd321d-3bc6-474c-b899-afa3cc74928a,1
9d897ded-94de-4bb5-8e58-07d55a02ac32,9ae82694-9587-4e4d-aede-36f325f7af27,1
48d1dcb6-bccc-4365-ac7f-b937a7f7fd71,d496e57d-bcb2-4102-b04b-98c15b1bc450,1
96c3451c-0db8-4f19-88af-5cb06c0a43fe,cfea2be2-3444-441c-b672-92bb72bab7a8,1
e962f09b-cf0c-45a7-80b1-7c08c8ed0d3f,f4d642ab-935b-4a54-b45e-e7a1514b58da,1
70303cda-e1fe-4806-ab09-80c12b588557,2b8c60c5-350e-469a-9b92-9fc6e93c8212,1
f8b81311-01f2-41c6-9460-46d74ffdb2a8,ea9f1d5e-d68e-483d-9fbf-268b890b243a,1
59fa7797-abec-4505-81e6-8ce092642190,c888d13c-8da5-4fc1-bd13-ecd799f308ea,1
741bf7de-e2e5-46df-8d67-82607df9deaa,217ed97d-4e1c-4d2c-b671-b6492d8a1fca,1
0b625014-6b95-4433-b705-f2c1f94c8d80,a8c41cf2-794c-4829-bc55-76ba01e8af82,1
f0ff917d-ab8c-4129-b13f-33be267a153b,8a9a91f5-6c9f-4423-935b-aaf350b30b47,1
0f1f44f2-4b9e-49ad-8539-773ba2bb33f6,3f562f33-d300-4967-859c-fa6fb9eb415f,1
371ccad3-2a99-4b1d-b04b-cad59ce30df7,cb87bd28-bfcf-40ce-8d25-67b21bceb910,1
52d56acd-295d-4bce-854b-4d0f26e4fb6a,7e70fbd7-8094-404d-b4d8-a0071ea57570,1
2b8f3438-d57a-4ede-a50f-371f6bf2bf3e,936aca25-f33f-46b3-8021-c8351bdd467b,1
53049b77-3e8f-4792-977f-0a3e5f23891b,28832a8a-0e2f-4d8c-8f36-5ce6152a7aaa,1
a85f15a3-1b71-4036-93e7-3292ac5f36a1,59bd90b7-4d03-4dbe-987d-73c1f0cd3057,1
2a6e6092-73e4-4752-b1a5-477a17f5056d,8abdd4a5-734c-473e-abf8-62583f92283c,1
9c2a31bd-e798-488d-986b-90156ac8f29b,8d0bc7a4-d8c6-4dc8-995f-f18b66010673,1
6b1311e5-123f-49db-acdf-8847c2d00bed,8436b8e2-dcfa-45b4-b9b9-04279cb9d061,1
fec8632f-0bd6-4e3a-9761-866aef52dd57,600168ac-c242-4069-a7ea-1d87ea9dbf8e,1
b6b11c77-b393-49e8-8c86-5b5773b7eb74,355d9cfc-29c3-40a2-88f6-5b54eb3ade3c,1
4c8640f7-9826-445c-9933-1ed0de1d3eab,4f381649-509d-44c7-8e59-a6a6ac7dc27b,1
b76f6f91-23b8-4aea-b788-80075be331d8,e4acb254-8dec-47d2-9a90-d58d50e8bc43,1
6ba27181-f9d0-4bea-bd68-dab7530b15aa,862c9485-5d8a-4910-a5c1-9403a032cac1,1
08312e7a-d8bf-4a63-9a87-04c4cbce66fb,b834003e-04f8-4515-9265-c1fe6225b651,1
480807a6-492b-4050-b917-f46d670890a7,6e5aea73-2773-4e7e-a401-7a42020ef6b1,1
d719ed27-19aa-4e8a-9964-0b2e6ee8fa6a,97e43be0-0741-4ae9-823f-ec146c2b427e,1
c6d14096-b171-4828-bc77-881d6f867625,b0597920-f90a-42e5-8c14-e475ea985033,1
6df067fb-6816-4dc8-af4d-07eba42c900b,ea6875ac-4abb-4b98-9d38-f12030470240,1
2242945a-4ab9-4132-840e-cce1c66e31bb,d7a6be5b-09f0-4ea5-86d3-94cbd1bc25fa,1
5878f34c-5a30-45fe-a1c8-c52be9512d49,371fd3a5-01ce-48fb-9ac8-a9ed4df325a2,1
9d169139-3571-4ea4-8bb6-298246734711,9205b347-7817-4b0b-b2f2-a1fdc9a88d8e,1
bd2ac3b4-122a-4000-ac98-779c8efd4722,eabbae2d-363b-45d4-81a2-60a8903403e7,1
650394f2-b885-41db-8008-d675fd1fc2fe,d188d486-9b88-4f1f-a8d5-ece08f38e878,1
36ff142e-a1a0-4517-9258-e9179df35506,64e74b92-2e26-499b-a9d7-a2860666e2fb,1
8dc39ced-e858-4df2-b4c5-df13ac45f29a,64ee1fe4-ee16-4eb5-86e2-b32dd4b96cf3,1
c6547146-e19c-4f2e-9ff9-01d64669d229,42b67b52-5f7a-487e-9df9-826eac165eb7,1
88b6c77b-f4e0-40c5-9fbb-df51a927179a,b2fca956-b45f-45d2-a6f0-53d33b1cd472,1
c2c8118c-68c1-4e3c-96ed-89a84c5e8ddc,81865c88-5f1b-470f-bad2-6687218c61e1,1
7532cf8f-46b9-4f7c-8020-78e32fc92a67,744efb1a-71b7-4e61-828c-ca5fb25dcca1,1
66670b67-631a-4d61-a948-ae353251cfe1,bbe9547c-30de-4276-96ce-d0c4858a833c,1
e0b3fcc4-9f8e-40b1-9959-2d7b947e8b41,46238531-016f-45d4-a48a-1e8b0c06986b,1
e777e544-630e-475c-a07a-cd4143ce5140,0f954187-873a-4e26-9c47-95b92e5ad525,1
e73ba7cf-4e1b-40f5-805e-c3aae41e1b90,a88cbc53-19d8-489c-bbfd-a201d2edff86,1
bb2c3a14-3d6e-4c33-982b-20ee498a6347,ea563857-62f3-42f1-a9a1-94073c8de775,1
79cd69db-549c-467d-83a6-8dcb3e1db307,bb69778e-2372-471d-a1af-47e021b782ff,1
ef4fd1da-41d8-4fe3-bf7f-e0cb2c96b78d,8abfc9dc-51fa-4465-95f5-bd3a489e9e2b,1
4e1ee3db-4df6-4142-b7b9-bec15f171ca4,06680ee2-ecbb-43d7-9bfa-4c201c558772,1
fb493854-53e5-43ed-b3f1-2d70a4a1c674,a69f98b5-5179-41fa-9ec4-a954de5731f5,1
2e0565a8-53ce-4c58-9dda-5ea21ae6b16d,6b00ae74-6c68-4330-adef-c0ccf7b75868,1
90ad8620-8832-4b26-94fa-661cd1e540ba,e9563cac-6637-4e37-b48e-b8e580a6f9df,1
93bfeb02-767e-407f-ba5c-5083c054a191,59d4afdd-42c6-4538-9d11-c0a0d83d4608,1
a9b39489-0884-4358-93d8-6ab0de7d6eec,28ddc0b9-705a-4743-afe2-dbb684c39130,1
85b95d65-c680-49ea-90a5-eb35ce513374,ad92c4fc-a8bb-457b-87ee-fed04ed3c178,1
4ca33967-ac09-4f5d-b2a2-573c7bbbdd4a,99a475af-867f-4347-a2ea-c04cb782908c,1
32dc2feb-7716-4cf8-b1a6-f02cf37fd6bf,5ffaae19-dea3-494d-89b3-8476cb639f54,1
3bd5095a-c6ce-4e5e-ba2d-d352f5af717b,30e95b64-8931-4730-82de-0b2b45d422ad,1
945c199a-83a2-4e80-9f8c-5a91be5752dd,c7405260-981f-415f-9bdd-1df23f554a10,1
c65a3ea6-0f7c-400b-8934-5a6dc1705645,11ac0e7f-a835-4952-beca-803f9b73903c,1
c56be641-8692-46cf-9307-acb67fe92273,0729919d-66f9-4207-9357-4065e06edbc9,1
97d60236-c45c-4e4b-970b-9097a76a5b7e,86c528ec-1920-430c-8403-4491ec287745,1
1b075f8c-e7ed-42d5-9042-2b7bd52cec8b,d34723a9-bedc-4d91-bc09-7581afc176e1,1
c9d241fd-b522-41dd-b679-16b112d7dee7,70111976-1e59-42b0-a12a-de6ba18b237a,1
40d31a4d-ccd9-4e75-b701-608cd66f1c53,563f8660-43fc-4cf8-939f-6ce293e429c5,1
